form	translation	chapter
ἀγορά, ἀγορᾶς, ἡ	marketplace	3
ἄνθρωπος, ἀνθρώπου, ὁ	man, human	3
δῶρον, δώρου, τό	gift	3
ἔργον, ἔργου, τό	work	3
θάλαττα, θαλάττης, ἡ	sea	3
θεά, θεᾶς, ἡ	goddess	3
θεός, θεοῦ, ὁ	god	3
ἵππος, ἵππου, ὁ	horse	3
κώμη, κώμης, ἡ	village	3
ξένος, ξένου, ὁ	stranger, guest	3
οἰκία, οἰκίας, ἡ	house	3
τέκνον, τέκνου, τό	child	3
τιμή, τιμῆς, ἡ	honor	3
φίλος, φίλου, ὁ	friend	3
Ἀθῆναι, Ἀθηνῶν, αἱ	Athens	4
ἔτος, ἔτους, τό	year	4
λόγος, λόγου, ὁ	word	4
νεανίας, νεανίου, ὁ	youth	4
ὁδός, ὁδοῦ, ἡ	way, road	4
Πέρσης, Πέρσου, ὁ	Persian	4
πολίτης, πολίτου, ὁ	citizen	4
ποταμός, ποταμοῦ, ὁ	river	4
στρατιώτης, στρατιώτου, ὁ	soldier	4
Σωκράτης, Σωκράτους, ὁ	Socrates	4
τεῖχος, τείχους, τό	wall	4
χρῆμα, χρήματος, τό	thing	4
χώρα, χώρας, ἡ	land, country	4
ἡμέρα, ἡμέρας, ἡ	day	5
ἀδελφός, ἀδελφοῦ, ὁ	brother	6
βάρβαρος, βαρβάρου, ὁ/ἡ	foreigner	6
βίος, βίου, ὁ	life	6
θάνατος, θανάτου, ὁ	death	6
ὅπλον, ὅπλου, τό	weapon	6
στρατηγός, στρατηγοῦ, ὁ	general	6
Ἕλλην, Ἕλληνος, ο	Greek	7
ἡγεμών, ἡγεμόνος, ο	leader	7
κήρυξ, κήρυκος, ο	herald	7
ὄνομα, ὀνόματος, τὸ	name	7
πατρίς, πατρίδος, ἡ	fatherland	7
πρᾶγμα, πράγματος, τὸ	thing, matter, act; (pl.) circumstances	7
ὕδωρ, ὕδατος, τὸ	water	7
φύλαξ, φύλακος, ο	guard	7
ἀρχή, ἀρχῆς, ἡ	rule; empire; province; beginning	8
ἄρχων, ἄρχοντος, ὁ	archon, ruler, leader	8
Ἐλλάς, Ἑλλάδος, ἡ	Greece	8
κάμηλος, καμήλου, ὁ	camel	8
ποιητής, ποιητοῦ, ὁ	poet	8
ἀνήρ, ἀνδρός, ὁ	man, husband	9
γυνή, γυναικός, ἡ	woman, wife	9
δίκη, δίκης, ἡ	justice; trial, lawsuit; penalty	9
μήτηρ, μητρός, ἡ	mother	9
νὺξ, νυκτός, ἡ	night	9
παῖς, παιδός, τό/ὁ/ἡ	child, boy, girl 	9
πατήρ, πατρός, ὁ	father	9
πούς, ποδός, ὁ	foot	9
πῦρ, πυρός, τό	fire	9
στάδιον, σταδίου, τό	stade (3/5 of a mile)	9
χείρ, χειρός, ἡ	hand	9
χρόνος, χρόνου, ὁ	time	9
γῆ, γῆς, ἡ	earth	10
εἰρήνη, εἰρήνης, ἡ	peace	10
ἐλπίς, ἐλπίδος, ἡ	hope	10
Ξενοφῶν, Ξενοφῶντος, ὁ	Xenophon	10
σὺμμαχος, συμμάχου, ὁ/ἡ	ally	10
ἔτος, ἔτους, τό	year	11
Σωκράτης, Σωκράτους, ὁ	Socrates	11
τεῖχος, τείχους, τό	wall	11
χρῆμα, χρήματος, τό	thing, matter; (pl.) goods, money	11
ἄστυ, ἄστεως, τό	town	12
βασιλεὐς, βασιλέως, ὁ	king	12
βασἰλεια, βασιλείας, ἡ	queen	12
δὐωαμις, δυνάμεως, ἡ	power, strength, ability	12
ἱππεύς, ἱππέως, ὁ	horseman, rider; charioteer; (pl.) calvary	12
μἀχη, μάχης, ἡ	battle	12
πόλις, πόλεως, ἡ	city	12
στρατιά, στρατιᾶς, ἡ	army	12
φὐσις, φύσεως, ἡ	nature; character, temperament; regular order of nature	12
χάρις, χάριτος, ἡ	grace, thanks	12
ἀνάγκη, ἀνάγκης, ἡ	necessity	13
νὀμος, νόμου, ὁ	law, custom, tradition	13
σὼμα, σώματος, τό	body	13
τἐλος, τέλους, τό	end; aim	13
υἱός, υἱοῦ, ὁ	son	13
ψυχή, ψυχῆς, ἡ	soul	13
